{
  "utenti": [
    {
      "username": "Plato_Nixon",
      "nome": "Grant",
      "cognome": "Santiago",
      "codFiscale": "OP83OA37LR86HC42",
      "telefono": "843-386-656",
      "password": "admin",
      "dataNascita": "1978-07-11",
      "email": "eget@aol.net"
    },
    {
      "username": "Jason_Huffman",
      "nome": "Brennan",
      "cognome": "Miles",
      "codFiscale": "NK38IX55VX98CP41",
      "telefono": "248-752-837",
      "password": "admin",
      "dataNascita": "1975-03-29",
      "email": "vestibulum.accumsan.neque@hotmail.couk"
    },
    {
      "username": "Sydney_Snyder",
      "nome": "Sasha",
      "cognome": "Joseph",
      "codFiscale": "PL75XR45XT76HP14",
      "telefono": "230-308-119",
      "password": "admin",
      "dataNascita": "1990-10-08",
      "email": "lorem.vehicula@hotmail.com"
    },
    {
      "username": "Erasmus_Mccormick",
      "nome": "Halee",
      "cognome": "Chandler",
      "codFiscale": "IG14XV32WI91SZ05",
      "telefono": "775-805-942",
      "password": "admin",
      "dataNascita": "1997-02-04",
      "email": "aliquet.diam.sed@protonmail.org"
    },
    {
      "username": "Ursula_Garrett",
      "nome": "Raven",
      "cognome": "Carrillo",
      "codFiscale": "QV98UQ29JU44XL27",
      "telefono": "223-218-230",
      "password": "admin",
      "dataNascita": "1970-12-21",
      "email": "non.massa@outlook.com"
    },
    {
      "username": "Cruz_West",
      "nome": "Amity",
      "cognome": "Wong",
      "codFiscale": "ID67MA95EC32EW74",
      "telefono": "348-273-403",
      "password": "admin",
      "dataNascita": "1975-09-24",
      "email": "non.ante.bibendum@outlook.ca"
    },
    {
      "username": "Gavin_Hyde",
      "nome": "Cody",
      "cognome": "Browning",
      "codFiscale": "PR13XG15YY86EL04",
      "telefono": "779-866-564",
      "password": "admin",
      "dataNascita": "1990-04-19",
      "email": "hendrerit.neque@aol.ca"
    },
    {
      "username": "Oliver_Shepard",
      "nome": "Quamar",
      "cognome": "Marquez",
      "codFiscale": "FJ32MF24CY17DY67",
      "telefono": "640-458-871",
      "password": "admin",
      "dataNascita": "1976-09-18",
      "email": "turpis.in@aol.couk"
    },
    {
      "username": "Hector_Lang",
      "nome": "Bevis",
      "cognome": "Schmidt",
      "codFiscale": "SC57CR17PB34TM28",
      "telefono": "281-499-234",
      "password": "admin",
      "dataNascita": "1971-02-16",
      "email": "nisi.magna@google.com"
    },
    {
      "username": "Amos_Wood",
      "nome": "Conan",
      "cognome": "Cortez",
      "codFiscale": "ZN19BC76EU43BN72",
      "telefono": "618-638-853",
      "password": "admin",
      "dataNascita": "1981-01-23",
      "email": "tincidunt@outlook.net"
    },
    {
      "username": "Hedy_Merritt",
      "nome": "Linus",
      "cognome": "Gray",
      "codFiscale": "SY41KL45QX65JV67",
      "telefono": "566-314-439",
      "password": "admin",
      "dataNascita": "1997-01-25",
      "email": "non.ante@protonmail.ca"
    },
    {
      "username": "Sopoline_Calderon",
      "nome": "Bert",
      "cognome": "Cardenas",
      "codFiscale": "QK28IV16KQ66WD52",
      "telefono": "637-524-255",
      "password": "admin",
      "dataNascita": "2002-03-01",
      "email": "phasellus@protonmail.couk"
    },
    {
      "username": "Reese_Robles",
      "nome": "Ian",
      "cognome": "Bean",
      "codFiscale": "HT35EF81MY86RU22",
      "telefono": "460-556-851",
      "password": "admin",
      "dataNascita": "1973-12-05",
      "email": "libero.donec.consectetuer@outlook.edu"
    },
    {
      "username": "Ella_Ayers",
      "nome": "Evan",
      "cognome": "Petersen",
      "codFiscale": "ZE38VP16UI32MH59",
      "telefono": "291-710-827",
      "password": "admin",
      "dataNascita": "2000-02-15",
      "email": "vivamus.rhoncus@aol.com"
    },
    {
      "username": "Penelope_Barber",
      "nome": "Alden",
      "cognome": "Heath",
      "codFiscale": "EM01KP82GC91WI21",
      "telefono": "611-956-679",
      "password": "admin",
      "dataNascita": "1998-08-29",
      "email": "dapibus@google.couk"
    },
    {
      "username": "Wayne_Miller",
      "nome": "Claire",
      "cognome": "Kirby",
      "codFiscale": "QR13GU73XK68BB68",
      "telefono": "968-197-567",
      "password": "admin",
      "dataNascita": "1982-01-11",
      "email": "neque.tellus@icloud.com"
    },
    {
      "username": "Meredith_Cantrell",
      "nome": "Ray",
      "cognome": "Schneider",
      "codFiscale": "XW92PF86MD62NE21",
      "telefono": "219-651-436",
      "password": "admin",
      "dataNascita": "1992-06-17",
      "email": "mus.proin@hotmail.org"
    },
    {
      "username": "Sophia_Nieves",
      "nome": "Stacy",
      "cognome": "Boone",
      "codFiscale": "QG68OW48TB95IS64",
      "telefono": "708-766-631",
      "password": "admin",
      "dataNascita": "1978-08-15",
      "email": "nec.eleifend.non@yahoo.org"
    },
    {
      "username": "Bernard_Stokes",
      "nome": "Reed",
      "cognome": "Russell",
      "codFiscale": "JR89WM56LC51PS48",
      "telefono": "213-330-632",
      "password": "admin",
      "dataNascita": "1969-05-21",
      "email": "vulputate.lacus@google.net"
    },
    {
      "username": "Dara_Sharp",
      "nome": "Keegan",
      "cognome": "Kirkland",
      "codFiscale": "AM68PR57QG26YC38",
      "telefono": "984-522-295",
      "password": "admin",
      "dataNascita": "1984-03-27",
      "email": "aliquet.molestie@hotmail.couk"
    }
  ],
  "magazzini": [
    {
      "nome": "Magazzino Centrale Roma",
      "indirizzo": "Via Appia Nuova 120, Roma",
      "utente": { "id": 1 }
    },
    {
      "nome": "Deposito Milano Nord",
      "indirizzo": "Corso Sempione 44, Milano",
      "utente": { "id": 2 }
    },
    {
      "nome": "Hub Logistico Torino",
      "indirizzo": "Via Nizza 150, Torino",
      "utente": { "id": 3 }
    },
    {
      "nome": "Stoccaggio Napoli Porto",
      "indirizzo": "Via Marina 5, Napoli",
      "utente": { "id": 4 }
    },
    {
      "nome": "Magazzino Alimentari Palermo",
      "indirizzo": "Via della Libertà 30, Palermo",
      "utente": { "id": 5 }
    },
    {
      "nome": "Genova Cargo Center",
      "indirizzo": "Via di Francia 10, Genova",
      "utente": { "id": 6 }
    },
    {
      "nome": "Bologna Interporto",
      "indirizzo": "Via Santa Caterina 8, Bologna",
      "utente": { "id": 7 }
    },
    {
      "nome": "Firenze Stock House",
      "indirizzo": "Viale Redi 22, Firenze",
      "utente": { "id": 8 }
    },
    {
      "nome": "Bari Logistica Sud",
      "indirizzo": "Viale della Repubblica 100, Bari",
      "utente": { "id": 9 }
    },
    {
      "nome": "Catania Deposito Etnea",
      "indirizzo": "Via Etnea 290, Catania",
      "utente": { "id": 10 }
    },
    {
      "nome": "Venezia Mestre Hub",
      "indirizzo": "Via Torino 11, Mestre",
      "utente": { "id": 11 }
    },
    {
      "nome": "Verona Quadrante Europa",
      "indirizzo": "Via Sommacampagna 60, Verona",
      "utente": { "id": 12 }
    },
    {
      "nome": "Messina Stretto Logistica",
      "indirizzo": "Viale San Martino 12, Messina",
      "utente": { "id": 13 }
    },
    {
      "nome": "Padova Industrial Storage",
      "indirizzo": "Corso Stati Uniti 14, Padova",
      "utente": { "id": 14 }
    },
    {
      "nome": "Trieste Porto Vecchio",
      "indirizzo": "Riva Tre Novembre 1, Trieste",
      "utente": { "id": 15 }
    },
    {
      "nome": "Taranto Magazzini Generali",
      "indirizzo": "Via Cesare Battisti 50, Taranto",
      "utente": { "id": 16 }
    },
    {
      "nome": "Brescia Metal Stock",
      "indirizzo": "Via Orzinuovi 20, Brescia",
      "utente": { "id": 17 }
    },
    {
      "nome": "Parma Food Hub",
      "indirizzo": "Via La Spezia 90, Parma",
      "utente": { "id": 18 }
    },
    {
      "nome": "Prato Tessile Deposito",
      "indirizzo": "Viale della Repubblica 200, Prato",
      "utente": { "id": 19 }
    },
    {
      "nome": "Modena Automotive Storage",
      "indirizzo": "Via Emilia Ovest 55, Modena",
      "utente": { "id": 20 }
    }
  ],
  "tipi": [
    { "nome": "Elettroutensili" },
    { "nome": "Ferramenta Minuteria" },
    { "nome": "Idraulica" },
    { "nome": "Materiale Elettrico" },
    { "nome": "Giardinaggio" },
    { "nome": "Vernici e Decorazioni" },
    { "nome": "Edilizia" },
    { "nome": "Abbigliamento da Lavoro" },
    { "nome": "Automotive e Ricambi" },
    { "nome": "Elettronica di Consumo" },
    { "nome": "Informatica" },
    { "nome": "Casalinghi" },
    { "nome": "Alimentari e Bevande" },
    { "nome": "Tessile e Abbigliamento" },
    { "nome": "Cancelleria Ufficio" },
    { "nome": "Illuminazione" },
    { "nome": "Sport e Tempo Libero" },
    { "nome": "Arredamento" },
    { "nome": "Giocattoli" },
    { "nome": "Sicurezza e DPI" }
  ],
  "prodotti": [
    {
      "codiceSku": "SKU-20-001-7325",
      "nome": "Mascherine FFP2 Lite Nero - Mod.782",
      "descrizione": "Descrizione per Mascherine FFP2. Prodotto di alta qualità Lite.",
      "quantita": 245,
      "prezzo": 138.59,
      "tipo": { "id": 20 },
      "magazzino": { "id": 20 }
    },
    {
      "codiceSku": "SKU-15-002-7696",
      "nome": "Evidenziatori Heavy Duty 100pz - Mod.109",
      "descrizione": "Descrizione per Evidenziatori. Prodotto di alta qualità Heavy Duty.",
      "quantita": 468,
      "prezzo": 39.26,
      "tipo": { "id": 15 },
      "magazzino": { "id": 2 }
    },
    {
      "codiceSku": "SKU-19-003-1528",
      "nome": "Macchina Radiocomandata Ultra Set Completo - Mod.480",
      "descrizione": "Descrizione per Macchina Radiocomandata. Prodotto di alta qualità Ultra.",
      "quantita": 460,
      "prezzo": 223.85,
      "tipo": { "id": 19 },
      "magazzino": { "id": 15 }
    },
    {
      "codiceSku": "SKU-15-004-5271",
      "nome": "Cucitrice a Pinza Advanced Bianco - Mod.318",
      "descrizione": "Descrizione per Cucitrice a Pinza. Prodotto di alta qualità Advanced.",
      "quantita": 126,
      "prezzo": 7.57,
      "tipo": { "id": 15 },
      "magazzino": { "id": 11 }
    },
    {
      "codiceSku": "SKU-12-005-3188",
      "nome": "Set Coltelli Heavy Duty 100pz - Mod.150",
      "descrizione": "Descrizione per Set Coltelli. Prodotto di alta qualità Heavy Duty.",
      "quantita": 484,
      "prezzo": 229.49,
      "tipo": { "id": 12 },
      "magazzino": { "id": 10 }
    },
    {
      "codiceSku": "SKU-17-006-8446",
      "nome": "Pallone Calcio Premium Set Completo - Mod.214",
      "descrizione": "Descrizione per Pallone Calcio. Prodotto di alta qualità Premium.",
      "quantita": 180,
      "prezzo": 82.34,
      "tipo": { "id": 17 },
      "magazzino": { "id": 12 }
    },
    {
      "codiceSku": "SKU-07-007-8269",
      "nome": "Schiuma Espansa Heavy Duty Nero - Mod.231",
      "descrizione": "Descrizione per Schiuma Espansa. Prodotto di alta qualità Heavy Duty.",
      "quantita": 367,
      "prezzo": 75.11,
      "tipo": { "id": 7 },
      "magazzino": { "id": 18 }
    },
    {
      "codiceSku": "SKU-03-008-3537",
      "nome": "Tubo Flessibile Basic Blu - Mod.946",
      "descrizione": "Descrizione per Tubo Flessibile. Prodotto di alta qualità Basic.",
      "quantita": 206,
      "prezzo": 249.24,
      "tipo": { "id": 3 },
      "magazzino": { "id": 16 }
    },
    {
      "codiceSku": "SKU-11-009-6683",
      "nome": "Mouse Wireless Ultra 100pz - Mod.465",
      "descrizione": "Descrizione per Mouse Wireless. Prodotto di alta qualità Ultra.",
      "quantita": 28,
      "prezzo": 229.53,
      "tipo": { "id": 11 },
      "magazzino": { "id": 9 }
    },
    {
      "codiceSku": "SKU-13-010-3275",
      "nome": "Biscotti Artigianali Max 100pz - Mod.362",
      "descrizione": "Descrizione per Biscotti Artigianali. Prodotto di alta qualità Max.",
      "quantita": 94,
      "prezzo": 99.65,
      "tipo": { "id": 13 },
      "magazzino": { "id": 10 }
    },
    {
      "codiceSku": "SKU-11-011-5837",
      "nome": "Tastiera Meccanica Basic Acciaio - Mod.665",
      "descrizione": "Descrizione per Tastiera Meccanica. Prodotto di alta qualità Basic.",
      "quantita": 439,
      "prezzo": 223.49,
      "tipo": { "id": 11 },
      "magazzino": { "id": 10 }
    },
    {
      "codiceSku": "SKU-15-012-7716",
      "nome": "Evidenziatori Basic Nero - Mod.832",
      "descrizione": "Descrizione per Evidenziatori. Prodotto di alta qualità Basic.",
      "quantita": 279,
      "prezzo": 137.77,
      "tipo": { "id": 15 },
      "magazzino": { "id": 19 }
    },
    {
      "codiceSku": "SKU-09-013-5909",
      "nome": "Spazzole Tergi Max 1kg - Mod.878",
      "descrizione": "Descrizione per Spazzole Tergi. Prodotto di alta qualità Max.",
      "quantita": 433,
      "prezzo": 25.27,
      "tipo": { "id": 9 },
      "magazzino": { "id": 16 }
    },
    {
      "codiceSku": "SKU-20-014-2286",
      "nome": "Kit Primo Soccorso Pro 500ml - Mod.766",
      "descrizione": "Descrizione per Kit Primo Soccorso. Prodotto di alta qualità Pro.",
      "quantita": 280,
      "prezzo": 36.32,
      "tipo": { "id": 20 },
      "magazzino": { "id": 9 }
    },
    {
      "codiceSku": "SKU-14-015-7823",
      "nome": "T-Shirt Cotone Eco Nero - Mod.323",
      "descrizione": "Descrizione per T-Shirt Cotone. Prodotto di alta qualità Eco.",
      "quantita": 448,
      "prezzo": 90.29,
      "tipo": { "id": 14 },
      "magazzino": { "id": 8 }
    },
    {
      "codiceSku": "SKU-12-016-3411",
      "nome": "Set Coltelli Max Acciaio - Mod.192",
      "descrizione": "Descrizione per Set Coltelli. Prodotto di alta qualità Max.",
      "quantita": 204,
      "prezzo": 25.28,
      "tipo": { "id": 12 },
      "magazzino": { "id": 19 }
    },
    {
      "codiceSku": "SKU-03-017-9535",
      "nome": "Guarnizioni Heavy Duty Blu - Mod.842",
      "descrizione": "Descrizione per Guarnizioni. Prodotto di alta qualità Heavy Duty.",
      "quantita": 219,
      "prezzo": 217.86,
      "tipo": { "id": 3 },
      "magazzino": { "id": 13 }
    },
    {
      "codiceSku": "SKU-01-018-7317",
      "nome": "Avvitatore Ultra Nero - Mod.729",
      "descrizione": "Descrizione per Avvitatore. Prodotto di alta qualità Ultra.",
      "quantita": 319,
      "prezzo": 52.76,
      "tipo": { "id": 1 },
      "magazzino": { "id": 2 }
    },
    {
      "codiceSku": "SKU-18-019-2396",
      "nome": "Cassettiera Super 500ml - Mod.215",
      "descrizione": "Descrizione per Cassettiera. Prodotto di alta qualità Super.",
      "quantita": 173,
      "prezzo": 171.08,
      "tipo": { "id": 18 },
      "magazzino": { "id": 12 }
    },
    {
      "codiceSku": "SKU-07-020-4623",
      "nome": "Colla per Piastrelle Eco Rosso - Mod.869",
      "descrizione": "Descrizione per Colla per Piastrelle. Prodotto di alta qualità Eco.",
      "quantita": 58,
      "prezzo": 12.17,
      "tipo": { "id": 7 },
      "magazzino": { "id": 11 }
    },
    {
      "codiceSku": "SKU-01-021-1582",
      "nome": "Avvitatore Max 500ml - Mod.683",
      "descrizione": "Descrizione per Avvitatore. Prodotto di alta qualità Max.",
      "quantita": 148,
      "prezzo": 9.02,
      "tipo": { "id": 1 },
      "magazzino": { "id": 1 }
    },
    {
      "codiceSku": "SKU-11-022-2245",
      "nome": "Webcam HD Heavy Duty Nero - Mod.147",
      "descrizione": "Descrizione per Webcam HD. Prodotto di alta qualità Heavy Duty.",
      "quantita": 446,
      "prezzo": 169.62,
      "tipo": { "id": 11 },
      "magazzino": { "id": 3 }
    },
    {
      "codiceSku": "SKU-07-023-3581",
      "nome": "Colla per Piastrelle Lite 1kg - Mod.515",
      "descrizione": "Descrizione per Colla per Piastrelle. Prodotto di alta qualità Lite.",
      "quantita": 406,
      "prezzo": 135.73,
      "tipo": { "id": 7 },
      "magazzino": { "id": 5 }
    },
    {
      "codiceSku": "SKU-13-024-7301",
      "nome": "Pasta di Gragnano Premium XL - Mod.297",
      "descrizione": "Descrizione per Pasta di Gragnano. Prodotto di alta qualità Premium.",
      "quantita": 27,
      "prezzo": 108.26,
      "tipo": { "id": 13 },
      "magazzino": { "id": 14 }
    },
    {
      "codiceSku": "SKU-12-025-8710",
      "nome": "Pentola a Pressione Advanced 500ml - Mod.746",
      "descrizione": "Descrizione per Pentola a Pressione. Prodotto di alta qualità Advanced.",
      "quantita": 149,
      "prezzo": 214.01,
      "tipo": { "id": 12 },
      "magazzino": { "id": 8 }
    },
    {
      "codiceSku": "SKU-13-026-2113",
      "nome": "Tonno in Scatola Max Bianco - Mod.674",
      "descrizione": "Descrizione per Tonno in Scatola. Prodotto di alta qualità Max.",
      "quantita": 78,
      "prezzo": 128.52,
      "tipo": { "id": 13 },
      "magazzino": { "id": 12 }
    },
    {
      "codiceSku": "SKU-10-027-5265",
      "nome": "Cuffie Bluetooth Pro 1kg - Mod.830",
      "descrizione": "Descrizione per Cuffie Bluetooth. Prodotto di alta qualità Pro.",
      "quantita": 473,
      "prezzo": 197.75,
      "tipo": { "id": 10 },
      "magazzino": { "id": 1 }
    },
    {
      "codiceSku": "SKU-05-028-8725",
      "nome": "Rastrello Eco Blu - Mod.631",
      "descrizione": "Descrizione per Rastrello. Prodotto di alta qualità Eco.",
      "quantita": 337,
      "prezzo": 61.84,
      "tipo": { "id": 5 },
      "magazzino": { "id": 12 }
    },
    {
      "codiceSku": "SKU-13-029-9458",
      "nome": "Tonno in Scatola Ultra Bianco - Mod.502",
      "descrizione": "Descrizione per Tonno in Scatola. Prodotto di alta qualità Ultra.",
      "quantita": 104,
      "prezzo": 59.35,
      "tipo": { "id": 13 },
      "magazzino": { "id": 2 }
    },
    {
      "codiceSku": "SKU-11-030-3280",
      "nome": "Monitor LED Pro 100pz - Mod.638",
      "descrizione": "Descrizione per Monitor LED. Prodotto di alta qualità Pro.",
      "quantita": 43,
      "prezzo": 155.4,
      "tipo": { "id": 11 },
      "magazzino": { "id": 14 }
    },
    {
      "codiceSku": "SKU-13-031-9952",
      "nome": "Pasta di Gragnano Heavy Duty Acciaio - Mod.485",
      "descrizione": "Descrizione per Pasta di Gragnano. Prodotto di alta qualità Heavy Duty.",
      "quantita": 290,
      "prezzo": 85.47,
      "tipo": { "id": 13 },
      "magazzino": { "id": 1 }
    },
    {
      "codiceSku": "SKU-09-032-2001",
      "nome": "Cric Idraulico Basic Blu - Mod.321",
      "descrizione": "Descrizione per Cric Idraulico. Prodotto di alta qualità Basic.",
      "quantita": 274,
      "prezzo": 160.88,
      "tipo": { "id": 9 },
      "magazzino": { "id": 1 }
    },
    {
      "codiceSku": "SKU-08-033-5612",
      "nome": "Scarpe Antinfortunistiche Max Acciaio - Mod.821",
      "descrizione": "Descrizione per Scarpe Antinfortunistiche. Prodotto di alta qualità Max.",
      "quantita": 383,
      "prezzo": 234.73,
      "tipo": { "id": 8 },
      "magazzino": { "id": 1 }
    },
    {
      "codiceSku": "SKU-07-034-2437",
      "nome": "Cemento Rapido Pro 100pz - Mod.156",
      "descrizione": "Descrizione per Cemento Rapido. Prodotto di alta qualità Pro.",
      "quantita": 230,
      "prezzo": 127.61,
      "tipo": { "id": 7 },
      "magazzino": { "id": 13 }
    },
    {
      "codiceSku": "SKU-02-035-1700",
      "nome": "Tasselli Nylon Basic Set Completo - Mod.482",
      "descrizione": "Descrizione per Tasselli Nylon. Prodotto di alta qualità Basic.",
      "quantita": 488,
      "prezzo": 223.55,
      "tipo": { "id": 2 },
      "magazzino": { "id": 4 }
    },
    {
      "codiceSku": "SKU-17-036-5113",
      "nome": "Elastici Fitness Heavy Duty 1kg - Mod.374",
      "descrizione": "Descrizione per Elastici Fitness. Prodotto di alta qualità Heavy Duty.",
      "quantita": 166,
      "prezzo": 179.0,
      "tipo": { "id": 17 },
      "magazzino": { "id": 10 }
    },
    {
      "codiceSku": "SKU-15-037-5292",
      "nome": "Carta A4 Super XL - Mod.747",
      "descrizione": "Descrizione per Carta A4. Prodotto di alta qualità Super.",
      "quantita": 204,
      "prezzo": 47.91,
      "tipo": { "id": 15 },
      "magazzino": { "id": 13 }
    },
    {
      "codiceSku": "SKU-01-038-5452",
      "nome": "Smerigliatrice Basic Set Completo - Mod.149",
      "descrizione": "Descrizione per Smerigliatrice. Prodotto di alta qualità Basic.",
      "quantita": 303,
      "prezzo": 79.36,
      "tipo": { "id": 1 },
      "magazzino": { "id": 7 }
    },
    {
      "codiceSku": "SKU-14-039-5759",
      "nome": "Jeans Denim Advanced Acciaio - Mod.535",
      "descrizione": "Descrizione per Jeans Denim. Prodotto di alta qualità Advanced.",
      "quantita": 56,
      "prezzo": 233.97,
      "tipo": { "id": 14 },
      "magazzino": { "id": 19 }
    },
    {
      "codiceSku": "SKU-02-040-1847",
      "nome": "Tasselli Nylon Ultra Bianco - Mod.251",
      "descrizione": "Descrizione per Tasselli Nylon. Prodotto di alta qualità Ultra.",
      "quantita": 321,
      "prezzo": 210.78,
      "tipo": { "id": 2 },
      "magazzino": { "id": 19 }
    },
    {
      "codiceSku": "SKU-20-041-2026",
      "nome": "Segnaletica Sicurezza Premium 100pz - Mod.569",
      "descrizione": "Descrizione per Segnaletica Sicurezza. Prodotto di alta qualità Premium.",
      "quantita": 113,
      "prezzo": 92.55,
      "tipo": { "id": 20 },
      "magazzino": { "id": 17 }
    },
    {
      "codiceSku": "SKU-09-042-4180",
      "nome": "Cric Idraulico Ultra 100pz - Mod.444",
      "descrizione": "Descrizione per Cric Idraulico. Prodotto di alta qualità Ultra.",
      "quantita": 430,
      "prezzo": 42.61,
      "tipo": { "id": 9 },
      "magazzino": { "id": 12 }
    },
    {
      "codiceSku": "SKU-06-043-7263",
      "nome": "Smalto all'Acqua Max Set Completo - Mod.556",
      "descrizione": "Descrizione per Smalto all'Acqua. Prodotto di alta qualità Max.",
      "quantita": 204,
      "prezzo": 26.69,
      "tipo": { "id": 6 },
      "magazzino": { "id": 12 }
    },
    {
      "codiceSku": "SKU-19-044-4460",
      "nome": "Macchina Radiocomandata Premium Set Completo - Mod.561",
      "descrizione": "Descrizione per Macchina Radiocomandata. Prodotto di alta qualità Premium.",
      "quantita": 459,
      "prezzo": 161.47,
      "tipo": { "id": 19 },
      "magazzino": { "id": 8 }
    },
    {
      "codiceSku": "SKU-04-045-6678",
      "nome": "Cavo Elettrico Pro Set Completo - Mod.932",
      "descrizione": "Descrizione per Cavo Elettrico. Prodotto di alta qualità Pro.",
      "quantita": 491,
      "prezzo": 239.72,
      "tipo": { "id": 4 },
      "magazzino": { "id": 1 }
    },
    {
      "codiceSku": "SKU-10-046-1273",
      "nome": "Soundbar Premium 100pz - Mod.938",
      "descrizione": "Descrizione per Soundbar. Prodotto di alta qualità Premium.",
      "quantita": 273,
      "prezzo": 136.92,
      "tipo": { "id": 10 },
      "magazzino": { "id": 1 }
    },
    {
      "codiceSku": "SKU-10-047-7248",
      "nome": "Cavo HDMI Lite Blu - Mod.983",
      "descrizione": "Descrizione per Cavo HDMI. Prodotto di alta qualità Lite.",
      "quantita": 106,
      "prezzo": 96.94,
      "tipo": { "id": 10 },
      "magazzino": { "id": 19 }
    },
    {
      "codiceSku": "SKU-08-048-6542",
      "nome": "Occhiali Protettivi Heavy Duty 100pz - Mod.485",
      "descrizione": "Descrizione per Occhiali Protettivi. Prodotto di alta qualità Heavy Duty.",
      "quantita": 168,
      "prezzo": 208.74,
      "tipo": { "id": 8 },
      "magazzino": { "id": 4 }
    },
    {
      "codiceSku": "SKU-07-049-7322",
      "nome": "Colla per Piastrelle Basic 500ml - Mod.265",
      "descrizione": "Descrizione per Colla per Piastrelle. Prodotto di alta qualità Basic.",
      "quantita": 120,
      "prezzo": 185.76,
      "tipo": { "id": 7 },
      "magazzino": { "id": 14 }
    },
    {
      "codiceSku": "SKU-16-050-1393",
      "nome": "Plafoniera Advanced Acciaio - Mod.675",
      "descrizione": "Descrizione per Plafoniera. Prodotto di alta qualità Advanced.",
      "quantita": 237,
      "prezzo": 184.78,
      "tipo": { "id": 16 },
      "magazzino": { "id": 16 }
    },
    {
      "codiceSku": "SKU-05-051-7152",
      "nome": "Pala da Giardino Max 100pz - Mod.431",
      "descrizione": "Descrizione per Pala da Giardino. Prodotto di alta qualità Max.",
      "quantita": 269,
      "prezzo": 171.75,
      "tipo": { "id": 5 },
      "magazzino": { "id": 16 }
    },
    {
      "codiceSku": "SKU-06-052-2725",
      "nome": "Nastro Mascheratura Advanced Bianco - Mod.731",
      "descrizione": "Descrizione per Nastro Mascheratura. Prodotto di alta qualità Advanced.",
      "quantita": 23,
      "prezzo": 61.46,
      "tipo": { "id": 6 },
      "magazzino": { "id": 6 }
    },
    {
      "codiceSku": "SKU-16-053-3758",
      "nome": "Lampada da Tavolo Max Blu - Mod.970",
      "descrizione": "Descrizione per Lampada da Tavolo. Prodotto di alta qualità Max.",
      "quantita": 325,
      "prezzo": 156.41,
      "tipo": { "id": 16 },
      "magazzino": { "id": 17 }
    },
    {
      "codiceSku": "SKU-04-054-6199",
      "nome": "Cavo Elettrico Basic 1kg - Mod.313",
      "descrizione": "Descrizione per Cavo Elettrico. Prodotto di alta qualità Basic.",
      "quantita": 393,
      "prezzo": 148.9,
      "tipo": { "id": 4 },
      "magazzino": { "id": 1 }
    },
    {
      "codiceSku": "SKU-15-055-7715",
      "nome": "Buste da Lettera Eco Rosso - Mod.685",
      "descrizione": "Descrizione per Buste da Lettera. Prodotto di alta qualità Eco.",
      "quantita": 155,
      "prezzo": 86.93,
      "tipo": { "id": 15 },
      "magazzino": { "id": 6 }
    },
    {
      "codiceSku": "SKU-02-056-7443",
      "nome": "Tasselli Nylon Premium Acciaio - Mod.284",
      "descrizione": "Descrizione per Tasselli Nylon. Prodotto di alta qualità Premium.",
      "quantita": 228,
      "prezzo": 164.55,
      "tipo": { "id": 2 },
      "magazzino": { "id": 9 }
    },
    {
      "codiceSku": "SKU-05-057-2721",
      "nome": "Tagliasiepi Basic 1kg - Mod.427",
      "descrizione": "Descrizione per Tagliasiepi. Prodotto di alta qualità Basic.",
      "quantita": 110,
      "prezzo": 202.59,
      "tipo": { "id": 5 },
      "magazzino": { "id": 8 }
    },
    {
      "codiceSku": "SKU-03-058-7926",
      "nome": "Rubinetto Pro Blu - Mod.886",
      "descrizione": "Descrizione per Rubinetto. Prodotto di alta qualità Pro.",
      "quantita": 477,
      "prezzo": 160.08,
      "tipo": { "id": 3 },
      "magazzino": { "id": 2 }
    },
    {
      "codiceSku": "SKU-18-059-2985",
      "nome": "Sedia Ufficio Advanced Blu - Mod.838",
      "descrizione": "Descrizione per Sedia Ufficio. Prodotto di alta qualità Advanced.",
      "quantita": 258,
      "prezzo": 154.7,
      "tipo": { "id": 18 },
      "magazzino": { "id": 15 }
    },
    {
      "codiceSku": "SKU-10-060-3376",
      "nome": "Cavo HDMI Super Set Completo - Mod.431",
      "descrizione": "Descrizione per Cavo HDMI. Prodotto di alta qualità Super.",
      "quantita": 428,
      "prezzo": 179.1,
      "tipo": { "id": 10 },
      "magazzino": { "id": 14 }
    },
    {
      "codiceSku": "SKU-01-061-8665",
      "nome": "Seghetto Alternativo Pro Bianco - Mod.435",
      "descrizione": "Descrizione per Seghetto Alternativo. Prodotto di alta qualità Pro.",
      "quantita": 44,
      "prezzo": 208.29,
      "tipo": { "id": 1 },
      "magazzino": { "id": 14 }
    },
    {
      "codiceSku": "SKU-05-062-7626",
      "nome": "Rasaerba Ultra 500ml - Mod.435",
      "descrizione": "Descrizione per Rasaerba. Prodotto di alta qualità Ultra.",
      "quantita": 348,
      "prezzo": 229.84,
      "tipo": { "id": 5 },
      "magazzino": { "id": 9 }
    },
    {
      "codiceSku": "SKU-20-063-8316",
      "nome": "Segnaletica Sicurezza Premium Nero - Mod.501",
      "descrizione": "Descrizione per Segnaletica Sicurezza. Prodotto di alta qualità Premium.",
      "quantita": 490,
      "prezzo": 39.8,
      "tipo": { "id": 20 },
      "magazzino": { "id": 16 }
    },
    {
      "codiceSku": "SKU-02-064-8886",
      "nome": "Dadi Esagonali Ultra Blu - Mod.992",
      "descrizione": "Descrizione per Dadi Esagonali. Prodotto di alta qualità Ultra.",
      "quantita": 170,
      "prezzo": 192.75,
      "tipo": { "id": 2 },
      "magazzino": { "id": 6 }
    },
    {
      "codiceSku": "SKU-14-065-6686",
      "nome": "Calzini Sportivi Lite 100pz - Mod.811",
      "descrizione": "Descrizione per Calzini Sportivi. Prodotto di alta qualità Lite.",
      "quantita": 435,
      "prezzo": 34.37,
      "tipo": { "id": 14 },
      "magazzino": { "id": 17 }
    },
    {
      "codiceSku": "SKU-16-066-1942",
      "nome": "Plafoniera Ultra 1kg - Mod.282",
      "descrizione": "Descrizione per Plafoniera. Prodotto di alta qualità Ultra.",
      "quantita": 291,
      "prezzo": 218.38,
      "tipo": { "id": 16 },
      "magazzino": { "id": 14 }
    },
    {
      "codiceSku": "SKU-09-067-7017",
      "nome": "Chiave a Croce Premium Acciaio - Mod.605",
      "descrizione": "Descrizione per Chiave a Croce. Prodotto di alta qualità Premium.",
      "quantita": 353,
      "prezzo": 149.37,
      "tipo": { "id": 9 },
      "magazzino": { "id": 7 }
    },
    {
      "codiceSku": "SKU-13-068-3905",
      "nome": "Caffè in Grani Super 1kg - Mod.844",
      "descrizione": "Descrizione per Caffè in Grani. Prodotto di alta qualità Super.",
      "quantita": 19,
      "prezzo": 239.17,
      "tipo": { "id": 13 },
      "magazzino": { "id": 7 }
    },
    {
      "codiceSku": "SKU-02-069-1066",
      "nome": "Bulloni Inox Ultra 100pz - Mod.837",
      "descrizione": "Descrizione per Bulloni Inox. Prodotto di alta qualità Ultra.",
      "quantita": 315,
      "prezzo": 87.73,
      "tipo": { "id": 2 },
      "magazzino": { "id": 18 }
    },
    {
      "codiceSku": "SKU-13-070-9130",
      "nome": "Tonno in Scatola Ultra 100pz - Mod.797",
      "descrizione": "Descrizione per Tonno in Scatola. Prodotto di alta qualità Ultra.",
      "quantita": 463,
      "prezzo": 207.56,
      "tipo": { "id": 13 },
      "magazzino": { "id": 10 }
    },
    {
      "codiceSku": "SKU-09-071-6758",
      "nome": "Cric Idraulico Heavy Duty 500ml - Mod.653",
      "descrizione": "Descrizione per Cric Idraulico. Prodotto di alta qualità Heavy Duty.",
      "quantita": 485,
      "prezzo": 24.62,
      "tipo": { "id": 9 },
      "magazzino": { "id": 19 }
    },
    {
      "codiceSku": "SKU-10-072-2803",
      "nome": "Powerbank Super 100pz - Mod.461",
      "descrizione": "Descrizione per Powerbank. Prodotto di alta qualità Super.",
      "quantita": 417,
      "prezzo": 20.74,
      "tipo": { "id": 10 },
      "magazzino": { "id": 16 }
    },
    {
      "codiceSku": "SKU-04-073-1628",
      "nome": "Scatola Derivazione Basic 100pz - Mod.950",
      "descrizione": "Descrizione per Scatola Derivazione. Prodotto di alta qualità Basic.",
      "quantita": 407,
      "prezzo": 32.79,
      "tipo": { "id": 4 },
      "magazzino": { "id": 6 }
    },
    {
      "codiceSku": "SKU-10-074-4048",
      "nome": "Smart TV Heavy Duty 1kg - Mod.629",
      "descrizione": "Descrizione per Smart TV. Prodotto di alta qualità Heavy Duty.",
      "quantita": 386,
      "prezzo": 169.69,
      "tipo": { "id": 10 },
      "magazzino": { "id": 16 }
    },
    {
      "codiceSku": "SKU-07-075-9916",
      "nome": "Colla per Piastrelle Heavy Duty 500ml - Mod.200",
      "descrizione": "Descrizione per Colla per Piastrelle. Prodotto di alta qualità Heavy Duty.",
      "quantita": 221,
      "prezzo": 131.41,
      "tipo": { "id": 7 },
      "magazzino": { "id": 20 }
    },
    {
      "codiceSku": "SKU-12-076-4890",
      "nome": "Set Coltelli Basic Acciaio - Mod.560",
      "descrizione": "Descrizione per Set Coltelli. Prodotto di alta qualità Basic.",
      "quantita": 394,
      "prezzo": 38.31,
      "tipo": { "id": 12 },
      "magazzino": { "id": 5 }
    },
    {
      "codiceSku": "SKU-07-077-2373",
      "nome": "Schiuma Espansa Ultra Acciaio - Mod.479",
      "descrizione": "Descrizione per Schiuma Espansa. Prodotto di alta qualità Ultra.",
      "quantita": 64,
      "prezzo": 144.06,
      "tipo": { "id": 7 },
      "magazzino": { "id": 2 }
    },
    {
      "codiceSku": "SKU-20-078-5729",
      "nome": "Rilevatore Fumo Premium Rosso - Mod.281",
      "descrizione": "Descrizione per Rilevatore Fumo. Prodotto di alta qualità Premium.",
      "quantita": 360,
      "prezzo": 161.56,
      "tipo": { "id": 20 },
      "magazzino": { "id": 6 }
    },
    {
      "codiceSku": "SKU-05-079-1695",
      "nome": "Tagliasiepi Super XL - Mod.860",
      "descrizione": "Descrizione per Tagliasiepi. Prodotto di alta qualità Super.",
      "quantita": 8,
      "prezzo": 59.41,
      "tipo": { "id": 5 },
      "magazzino": { "id": 10 }
    },
    {
      "codiceSku": "SKU-04-080-6778",
      "nome": "Fascette Cablaggio Lite Blu - Mod.676",
      "descrizione": "Descrizione per Fascette Cablaggio. Prodotto di alta qualità Lite.",
      "quantita": 326,
      "prezzo": 145.43,
      "tipo": { "id": 4 },
      "magazzino": { "id": 4 }
    },
    {
      "codiceSku": "SKU-15-081-6729",
      "nome": "Cucitrice a Pinza Advanced Set Completo - Mod.429",
      "descrizione": "Descrizione per Cucitrice a Pinza. Prodotto di alta qualità Advanced.",
      "quantita": 441,
      "prezzo": 235.01,
      "tipo": { "id": 15 },
      "magazzino": { "id": 4 }
    },
    {
      "codiceSku": "SKU-02-082-5953",
      "nome": "Viti Zincate Pro Blu - Mod.779",
      "descrizione": "Descrizione per Viti Zincate. Prodotto di alta qualità Pro.",
      "quantita": 285,
      "prezzo": 148.97,
      "tipo": { "id": 2 },
      "magazzino": { "id": 4 }
    },
    {
      "codiceSku": "SKU-18-083-4912",
      "nome": "Scrivania Heavy Duty 100pz - Mod.410",
      "descrizione": "Descrizione per Scrivania. Prodotto di alta qualità Heavy Duty.",
      "quantita": 348,
      "prezzo": 86.81,
      "tipo": { "id": 18 },
      "magazzino": { "id": 5 }
    },
    {
      "codiceSku": "SKU-18-084-2591",
      "nome": "Lampada da Terra Lite 100pz - Mod.693",
      "descrizione": "Descrizione per Lampada da Terra. Prodotto di alta qualità Lite.",
      "quantita": 435,
      "prezzo": 55.42,
      "tipo": { "id": 18 },
      "magazzino": { "id": 1 }
    },
    {
      "codiceSku": "SKU-04-085-7827",
      "nome": "Scatola Derivazione Advanced Bianco - Mod.567",
      "descrizione": "Descrizione per Scatola Derivazione. Prodotto di alta qualità Advanced.",
      "quantita": 101,
      "prezzo": 169.87,
      "tipo": { "id": 4 },
      "magazzino": { "id": 16 }
    },
    {
      "codiceSku": "SKU-18-086-6469",
      "nome": "Cassettiera Premium Bianco - Mod.770",
      "descrizione": "Descrizione per Cassettiera. Prodotto di alta qualità Premium.",
      "quantita": 249,
      "prezzo": 178.6,
      "tipo": { "id": 18 },
      "magazzino": { "id": 17 }
    },
    {
      "codiceSku": "SKU-20-087-9571",
      "nome": "Rilevatore Fumo Basic XL - Mod.782",
      "descrizione": "Descrizione per Rilevatore Fumo. Prodotto di alta qualità Basic.",
      "quantita": 381,
      "prezzo": 243.61,
      "tipo": { "id": 20 },
      "magazzino": { "id": 17 }
    },
    {
      "codiceSku": "SKU-09-088-2953",
      "nome": "Liquido Tergicristalli Eco Acciaio - Mod.202",
      "descrizione": "Descrizione per Liquido Tergicristalli. Prodotto di alta qualità Eco.",
      "quantita": 189,
      "prezzo": 235.35,
      "tipo": { "id": 9 },
      "magazzino": { "id": 8 }
    },
    {
      "codiceSku": "SKU-12-089-1383",
      "nome": "Contenitori Ermetici Max Set Completo - Mod.226",
      "descrizione": "Descrizione per Contenitori Ermetici. Prodotto di alta qualità Max.",
      "quantita": 81,
      "prezzo": 179.91,
      "tipo": { "id": 12 },
      "magazzino": { "id": 13 }
    },
    {
      "codiceSku": "SKU-04-090-6752",
      "nome": "Presa Schuko Eco 100pz - Mod.562",
      "descrizione": "Descrizione per Presa Schuko. Prodotto di alta qualità Eco.",
      "quantita": 201,
      "prezzo": 172.16,
      "tipo": { "id": 4 },
      "magazzino": { "id": 19 }
    },
    {
      "codiceSku": "SKU-13-091-6232",
      "nome": "Caffè in Grani Heavy Duty 500ml - Mod.688",
      "descrizione": "Descrizione per Caffè in Grani. Prodotto di alta qualità Heavy Duty.",
      "quantita": 472,
      "prezzo": 16.59,
      "tipo": { "id": 13 },
      "magazzino": { "id": 10 }
    },
    {
      "codiceSku": "SKU-17-092-2843",
      "nome": "Pallone Calcio Pro Set Completo - Mod.408",
      "descrizione": "Descrizione per Pallone Calcio. Prodotto di alta qualità Pro.",
      "quantita": 468,
      "prezzo": 32.55,
      "tipo": { "id": 17 },
      "magazzino": { "id": 4 }
    },
    {
      "codiceSku": "SKU-19-093-2708",
      "nome": "Gioco da Tavolo Max 100pz - Mod.287",
      "descrizione": "Descrizione per Gioco da Tavolo. Prodotto di alta qualità Max.",
      "quantita": 357,
      "prezzo": 176.67,
      "tipo": { "id": 19 },
      "magazzino": { "id": 12 }
    },
    {
      "codiceSku": "SKU-07-094-6725",
      "nome": "Cemento Rapido Max Bianco - Mod.343",
      "descrizione": "Descrizione per Cemento Rapido. Prodotto di alta qualità Max.",
      "quantita": 8,
      "prezzo": 84.81,
      "tipo": { "id": 7 },
      "magazzino": { "id": 3 }
    },
    {
      "codiceSku": "SKU-05-095-2077",
      "nome": "Rastrello Premium 100pz - Mod.949",
      "descrizione": "Descrizione per Rastrello. Prodotto di alta qualità Premium.",
      "quantita": 242,
      "prezzo": 106.63,
      "tipo": { "id": 5 },
      "magazzino": { "id": 19 }
    },
    {
      "codiceSku": "SKU-03-096-1896",
      "nome": "Tubo Flessibile Super Set Completo - Mod.434",
      "descrizione": "Descrizione per Tubo Flessibile. Prodotto di alta qualità Super.",
      "quantita": 269,
      "prezzo": 96.06,
      "tipo": { "id": 3 },
      "magazzino": { "id": 4 }
    },
    {
      "codiceSku": "SKU-01-097-4886",
      "nome": "Trapano Premium Blu - Mod.573",
      "descrizione": "Descrizione per Trapano. Prodotto di alta qualità Premium.",
      "quantita": 218,
      "prezzo": 140.28,
      "tipo": { "id": 1 },
      "magazzino": { "id": 5 }
    },
    {
      "codiceSku": "SKU-19-098-9630",
      "nome": "Puzzle 1000pz Max 1kg - Mod.364",
      "descrizione": "Descrizione per Puzzle 1000pz. Prodotto di alta qualità Max.",
      "quantita": 169,
      "prezzo": 224.23,
      "tipo": { "id": 19 },
      "magazzino": { "id": 19 }
    },
    {
      "codiceSku": "SKU-16-099-5232",
      "nome": "Faretto Incasso Eco Set Completo - Mod.997",
      "descrizione": "Descrizione per Faretto Incasso. Prodotto di alta qualità Eco.",
      "quantita": 88,
      "prezzo": 77.01,
      "tipo": { "id": 16 },
      "magazzino": { "id": 15 }
    },
    {
      "codiceSku": "SKU-06-100-8802",
      "nome": "Rullo Advanced Bianco - Mod.592",
      "descrizione": "Descrizione per Rullo. Prodotto di alta qualità Advanced.",
      "quantita": 286,
      "prezzo": 12.38,
      "tipo": { "id": 6 },
      "magazzino": { "id": 3 }
    }
  ]
}